participant,trial,path,samples,channels
E01,trial_d6bb70f49a,E01/trial_d6bb70f49a/reference_normalised_envelope.parquet,9180,14
E01,trial_7e55c5f6e3,E01/trial_7e55c5f6e3/reference_normalised_envelope.parquet,8020,14
E01,trial_de2a591302,E01/trial_de2a591302/reference_normalised_envelope.parquet,7520,14
E01,trial_4f0f71b3be,E01/trial_4f0f71b3be/reference_normalised_envelope.parquet,7400,14
E01,trial_11bc7243f0,E01/trial_11bc7243f0/reference_normalised_envelope.parquet,7140,14
E01,trial_eb54fd20d1,E01/trial_eb54fd20d1/reference_normalised_envelope.parquet,7410,14
E01,trial_5f81779e66,E01/trial_5f81779e66/reference_normalised_envelope.parquet,8130,14
E01,trial_d357155ad0,E01/trial_d357155ad0/reference_normalised_envelope.parquet,8100,14
E01,trial_aa6d2fe330,E01/trial_aa6d2fe330/reference_normalised_envelope.parquet,3370,14
E01,trial_be0d27dc9a,E01/trial_be0d27dc9a/reference_normalised_envelope.parquet,3120,14
E01,trial_9a0e617132,E01/trial_9a0e617132/reference_normalised_envelope.parquet,2750,14
E01,trial_e006f3e94d,E01/trial_e006f3e94d/reference_normalised_envelope.parquet,3620,14
E01,trial_3e6e1e7f43,E01/trial_3e6e1e7f43/reference_normalised_envelope.parquet,3490,14
E01,trial_647f173af6,E01/trial_647f173af6/reference_normalised_envelope.parquet,3360,14
E01,trial_c0465e0e2c,E01/trial_c0465e0e2c/reference_normalised_envelope.parquet,3300,14
E01,trial_c5af6cd2cd,E01/trial_c5af6cd2cd/reference_normalised_envelope.parquet,4930,14
E01,trial_c9693aa92e,E01/trial_c9693aa92e/reference_normalised_envelope.parquet,4970,14
E01,trial_4ac81fef09,E01/trial_4ac81fef09/reference_normalised_envelope.parquet,3970,14
E01,trial_ce6818a4df,E01/trial_ce6818a4df/reference_normalised_envelope.parquet,3940,14
E01,trial_63f095458b,E01/trial_63f095458b/reference_normalised_envelope.parquet,4950,14
E01,trial_bcfe7b1b43,E01/trial_bcfe7b1b43/reference_normalised_envelope.parquet,6240,14
E01,trial_08b3737c7b,E01/trial_08b3737c7b/reference_normalised_envelope.parquet,5380,14
E01,trial_2f03d820f8,E01/trial_2f03d820f8/reference_normalised_envelope.parquet,6710,14
E01,trial_d37d15ab9d,E01/trial_d37d15ab9d/reference_normalised_envelope.parquet,6370,14
E01,trial_32215972af,E01/trial_32215972af/reference_normalised_envelope.parquet,5310,14
E01,trial_8faeb71d49,E01/trial_8faeb71d49/reference_normalised_envelope.parquet,6810,14
E01,trial_a528b92d9d,E01/trial_a528b92d9d/reference_normalised_envelope.parquet,5930,14
E01,trial_b341aa6d95,E01/trial_b341aa6d95/reference_normalised_envelope.parquet,5530,14
E01,trial_f71c286b07,E01/trial_f71c286b07/reference_normalised_envelope.parquet,5900,14
E01,trial_fa5273e7a1,E01/trial_fa5273e7a1/reference_normalised_envelope.parquet,6740,14
E01,trial_4d068ec7e2,E01/trial_4d068ec7e2/reference_normalised_envelope.parquet,16460,14
E01,trial_f562d2ebd1,E01/trial_f562d2ebd1/reference_normalised_envelope.parquet,7370,14
E01,trial_838d11a184,E01/trial_838d11a184/reference_normalised_envelope.parquet,8110,14
E01,trial_776663e68b,E01/trial_776663e68b/reference_normalised_envelope.parquet,15440,14
E01,trial_9ffa8aa1cc,E01/trial_9ffa8aa1cc/reference_normalised_envelope.parquet,12960,14
E01,trial_39cacd8f52,E01/trial_39cacd8f52/reference_normalised_envelope.parquet,13690,14
E01,trial_c63c370cd4,E01/trial_c63c370cd4/reference_normalised_envelope.parquet,15650,14
E01,trial_18196d4421,E01/trial_18196d4421/reference_normalised_envelope.parquet,11260,14
E01,trial_2ded8b6134,E01/trial_2ded8b6134/reference_normalised_envelope.parquet,15820,14
E01,trial_988189a110,E01/trial_988189a110/reference_normalised_envelope.parquet,13700,14
E01,trial_65165c937d,E01/trial_65165c937d/reference_normalised_envelope.parquet,20350,14
E01,trial_95e0b842f2,E01/trial_95e0b842f2/reference_normalised_envelope.parquet,18810,14
E01,trial_fd85e07611,E01/trial_fd85e07611/reference_normalised_envelope.parquet,17780,14
E01,trial_97660e2588,E01/trial_97660e2588/reference_normalised_envelope.parquet,17930,14
E01,trial_e7e5564c91,E01/trial_e7e5564c91/reference_normalised_envelope.parquet,13510,14
E01,trial_2bf9c576e6,E01/trial_2bf9c576e6/reference_normalised_envelope.parquet,13550,14
E01,trial_eb8fd29f83,E01/trial_eb8fd29f83/reference_normalised_envelope.parquet,17060,14
E01,trial_a4aac3f6f6,E01/trial_a4aac3f6f6/reference_normalised_envelope.parquet,3060,14
E01,trial_4907257fb9,E01/trial_4907257fb9/reference_normalised_envelope.parquet,3250,14
E01,trial_eece34b1e1,E01/trial_eece34b1e1/reference_normalised_envelope.parquet,2940,14
E01,trial_c1a5c449bf,E01/trial_c1a5c449bf/reference_normalised_envelope.parquet,3300,14
E01,trial_0a182abac1,E01/trial_0a182abac1/reference_normalised_envelope.parquet,3070,14
E01,trial_80825c7147,E01/trial_80825c7147/reference_normalised_envelope.parquet,2710,14
E01,trial_a633ca6886,E01/trial_a633ca6886/reference_normalised_envelope.parquet,2860,14
E01,trial_d303051e41,E01/trial_d303051e41/reference_normalised_envelope.parquet,1820,14
E01,trial_912e70863f,E01/trial_912e70863f/reference_normalised_envelope.parquet,1770,14
E01,trial_34752379b8,E01/trial_34752379b8/reference_normalised_envelope.parquet,1820,14
E01,trial_d672ad8e02,E01/trial_d672ad8e02/reference_normalised_envelope.parquet,1930,14
E01,trial_a435fc9b96,E01/trial_a435fc9b96/reference_normalised_envelope.parquet,1770,14
E01,trial_cceba9c44c,E01/trial_cceba9c44c/reference_normalised_envelope.parquet,1810,14
E01,trial_215064429e,E01/trial_215064429e/reference_normalised_envelope.parquet,1760,14
E01,trial_02897adfbd,E01/trial_02897adfbd/reference_normalised_envelope.parquet,3220,14
E01,trial_ce7bc47497,E01/trial_ce7bc47497/reference_normalised_envelope.parquet,3180,14
E01,trial_b04ff1cda0,E01/trial_b04ff1cda0/reference_normalised_envelope.parquet,2850,14
E01,trial_46b65c0803,E01/trial_46b65c0803/reference_normalised_envelope.parquet,3440,14
E01,trial_1f48577742,E01/trial_1f48577742/reference_normalised_envelope.parquet,2850,14
E01,trial_48ccade3e9,E01/trial_48ccade3e9/reference_normalised_envelope.parquet,2780,14
E01,trial_ebf23d622c,E01/trial_ebf23d622c/reference_normalised_envelope.parquet,2070,14
E01,trial_71fb5e093d,E01/trial_71fb5e093d/reference_normalised_envelope.parquet,2670,14
E01,trial_8eca807cc9,E01/trial_8eca807cc9/reference_normalised_envelope.parquet,10160,14
E01,trial_e0acef36b9,E01/trial_e0acef36b9/reference_normalised_envelope.parquet,8360,14
E01,trial_40fd31d224,E01/trial_40fd31d224/reference_normalised_envelope.parquet,8460,14
E01,trial_1dda902697,E01/trial_1dda902697/reference_normalised_envelope.parquet,8780,14
E01,trial_0367f40693,E01/trial_0367f40693/reference_normalised_envelope.parquet,9570,14
E01,trial_a255433148,E01/trial_a255433148/reference_normalised_envelope.parquet,8950,14
E01,trial_a83539940f,E01/trial_a83539940f/reference_normalised_envelope.parquet,9190,14
E01,trial_cb70159121,E01/trial_cb70159121/reference_normalised_envelope.parquet,7710,14
E01,trial_103d019947,E01/trial_103d019947/reference_normalised_envelope.parquet,5280,14
E01,trial_6b68b4b170,E01/trial_6b68b4b170/reference_normalised_envelope.parquet,4940,14
E01,trial_8d54ad4b46,E01/trial_8d54ad4b46/reference_normalised_envelope.parquet,7430,14
E01,trial_4042e5968a,E01/trial_4042e5968a/reference_normalised_envelope.parquet,5190,14
E01,trial_0fc971c76e,E01/trial_0fc971c76e/reference_normalised_envelope.parquet,4650,14
E01,trial_bf25291ee3,E01/trial_bf25291ee3/reference_normalised_envelope.parquet,5170,14
E01,trial_940c208e39,E01/trial_940c208e39/reference_normalised_envelope.parquet,7990,14
E01,trial_5bb1cc9b72,E01/trial_5bb1cc9b72/reference_normalised_envelope.parquet,5610,14
E01,trial_d7e5f2a490,E01/trial_d7e5f2a490/reference_normalised_envelope.parquet,5510,14
E01,trial_4a27f4b0ea,E01/trial_4a27f4b0ea/reference_normalised_envelope.parquet,5790,14
E01,trial_486aa02e2d,E01/trial_486aa02e2d/reference_normalised_envelope.parquet,5930,14
E01,trial_f9d1ab7410,E01/trial_f9d1ab7410/reference_normalised_envelope.parquet,5340,14
E01,trial_f101b7cbef,E01/trial_f101b7cbef/reference_normalised_envelope.parquet,5320,14
E01,trial_f2c007e375,E01/trial_f2c007e375/reference_normalised_envelope.parquet,7160,14
E01,trial_aef43817d1,E01/trial_aef43817d1/reference_normalised_envelope.parquet,6170,14
E01,trial_7236c89239,E01/trial_7236c89239/reference_normalised_envelope.parquet,5880,14
E01,trial_251a4996ff,E01/trial_251a4996ff/reference_normalised_envelope.parquet,5620,14
E01,trial_fe4e55bdf0,E01/trial_fe4e55bdf0/reference_normalised_envelope.parquet,5300,14
E01,trial_b1960cef10,E01/trial_b1960cef10/reference_normalised_envelope.parquet,5400,14
E01,trial_207f4e9f7f,E01/trial_207f4e9f7f/reference_normalised_envelope.parquet,7310,14
E01,trial_d9e46292f4,E01/trial_d9e46292f4/reference_normalised_envelope.parquet,5750,14
E01,trial_a498ab7abc,E01/trial_a498ab7abc/reference_normalised_envelope.parquet,6800,14
E01,trial_07c5a60672,E01/trial_07c5a60672/reference_normalised_envelope.parquet,7070,14
E01,trial_f086b95975,E01/trial_f086b95975/reference_normalised_envelope.parquet,6390,14
E01,trial_5c17165232,E01/trial_5c17165232/reference_normalised_envelope.parquet,7380,14
E01,trial_be98b67520,E01/trial_be98b67520/reference_normalised_envelope.parquet,8440,14
E01,trial_5e0dca4081,E01/trial_5e0dca4081/reference_normalised_envelope.parquet,8310,14
E01,trial_546179084f,E01/trial_546179084f/reference_normalised_envelope.parquet,7880,14
E01,trial_277abff0d8,E01/trial_277abff0d8/reference_normalised_envelope.parquet,7630,14
C01,trial_ffc10db23f,C01/trial_ffc10db23f/reference_normalised_envelope.parquet,84470,25
C01,trial_f1bf10eeea,C01/trial_f1bf10eeea/reference_normalised_envelope.parquet,94080,25
C01,trial_87e976b769,C01/trial_87e976b769/reference_normalised_envelope.parquet,94620,25
C01,trial_b4af0473c9,C01/trial_b4af0473c9/reference_normalised_envelope.parquet,111650,25
C01,trial_5946ca5426,C01/trial_5946ca5426/reference_normalised_envelope.parquet,125710,25
C01,trial_49b3331954,C01/trial_49b3331954/reference_normalised_envelope.parquet,120110,25
C01,trial_1adae32589,C01/trial_1adae32589/reference_normalised_envelope.parquet,70040,25
C01,trial_e8cee506fd,C01/trial_e8cee506fd/reference_normalised_envelope.parquet,69900,25
C01,trial_8cb2e8b62d,C01/trial_8cb2e8b62d/reference_normalised_envelope.parquet,75300,25
C01,trial_9f813fbdc4,C01/trial_9f813fbdc4/reference_normalised_envelope.parquet,70780,25
C01,trial_08e1325ec2,C01/trial_08e1325ec2/reference_normalised_envelope.parquet,69950,25
C01,trial_9da6560057,C01/trial_9da6560057/reference_normalised_envelope.parquet,75640,25
C01,trial_6e22cfc8f7,C01/trial_6e22cfc8f7/reference_normalised_envelope.parquet,73120,25
C01,trial_a11b0b087c,C01/trial_a11b0b087c/reference_normalised_envelope.parquet,66980,25
C01,trial_2723563132,C01/trial_2723563132/reference_normalised_envelope.parquet,62160,25
C01,trial_a76018c70a,C01/trial_a76018c70a/reference_normalised_envelope.parquet,65460,25
C01,trial_29d57eee5a,C01/trial_29d57eee5a/reference_normalised_envelope.parquet,58790,25
C01,trial_a88f4ef7a5,C01/trial_a88f4ef7a5/reference_normalised_envelope.parquet,17330,25
C01,trial_78cba2c582,C01/trial_78cba2c582/reference_normalised_envelope.parquet,8130,25
C01,trial_13bd18cdf3,C01/trial_13bd18cdf3/reference_normalised_envelope.parquet,10910,25
C02,trial_ffc10db23f,C02/trial_ffc10db23f/reference_normalised_envelope.parquet,84740,26
C02,trial_f1bf10eeea,C02/trial_f1bf10eeea/reference_normalised_envelope.parquet,88860,26
C02,trial_87e976b769,C02/trial_87e976b769/reference_normalised_envelope.parquet,86420,26
C02,trial_b4af0473c9,C02/trial_b4af0473c9/reference_normalised_envelope.parquet,135990,26
C02,trial_10e1b3b7fd,C02/trial_10e1b3b7fd/reference_normalised_envelope.parquet,116360,26
C02,trial_49b3331954,C02/trial_49b3331954/reference_normalised_envelope.parquet,117050,26
C02,trial_1adae32589,C02/trial_1adae32589/reference_normalised_envelope.parquet,100800,26
C02,trial_e8cee506fd,C02/trial_e8cee506fd/reference_normalised_envelope.parquet,62310,26
C02,trial_8cb2e8b62d,C02/trial_8cb2e8b62d/reference_normalised_envelope.parquet,63590,26
C02,trial_9f813fbdc4,C02/trial_9f813fbdc4/reference_normalised_envelope.parquet,61090,26
C02,trial_08e1325ec2,C02/trial_08e1325ec2/reference_normalised_envelope.parquet,64290,26
C02,trial_9da6560057,C02/trial_9da6560057/reference_normalised_envelope.parquet,61220,26
C02,trial_6e22cfc8f7,C02/trial_6e22cfc8f7/reference_normalised_envelope.parquet,66840,26
C02,trial_a11b0b087c,C02/trial_a11b0b087c/reference_normalised_envelope.parquet,64880,26
C02,trial_2723563132,C02/trial_2723563132/reference_normalised_envelope.parquet,74200,26
C02,trial_a76018c70a,C02/trial_a76018c70a/reference_normalised_envelope.parquet,70280,26
C02,trial_29d57eee5a,C02/trial_29d57eee5a/reference_normalised_envelope.parquet,65980,26
C02,trial_eef4aab155,C02/trial_eef4aab155/reference_normalised_envelope.parquet,16840,26
C02,trial_56af8361a5,C02/trial_56af8361a5/reference_normalised_envelope.parquet,11170,26
C02,trial_9316b4a838,C02/trial_9316b4a838/reference_normalised_envelope.parquet,11230,26
C03,trial_ffc10db23f,C03/trial_ffc10db23f/reference_normalised_envelope.parquet,67580,25
C03,trial_f1bf10eeea,C03/trial_f1bf10eeea/reference_normalised_envelope.parquet,77030,25
C03,trial_87e976b769,C03/trial_87e976b769/reference_normalised_envelope.parquet,82670,25
C03,trial_b4af0473c9,C03/trial_b4af0473c9/reference_normalised_envelope.parquet,97380,25
C03,trial_5946ca5426,C03/trial_5946ca5426/reference_normalised_envelope.parquet,119930,25
C03,trial_49b3331954,C03/trial_49b3331954/reference_normalised_envelope.parquet,121870,25
C03,trial_1adae32589,C03/trial_1adae32589/reference_normalised_envelope.parquet,73750,25
C03,trial_e8cee506fd,C03/trial_e8cee506fd/reference_normalised_envelope.parquet,62160,25
C03,trial_8cb2e8b62d,C03/trial_8cb2e8b62d/reference_normalised_envelope.parquet,62940,25
C03,trial_9f813fbdc4,C03/trial_9f813fbdc4/reference_normalised_envelope.parquet,62790,25
C03,trial_08e1325ec2,C03/trial_08e1325ec2/reference_normalised_envelope.parquet,63240,25
C03,trial_9da6560057,C03/trial_9da6560057/reference_normalised_envelope.parquet,66010,25
C03,trial_6e22cfc8f7,C03/trial_6e22cfc8f7/reference_normalised_envelope.parquet,67820,25
C03,trial_a11b0b087c,C03/trial_a11b0b087c/reference_normalised_envelope.parquet,61010,25
C03,trial_2723563132,C03/trial_2723563132/reference_normalised_envelope.parquet,56620,25
C03,trial_a76018c70a,C03/trial_a76018c70a/reference_normalised_envelope.parquet,47660,25
C03,trial_29d57eee5a,C03/trial_29d57eee5a/reference_normalised_envelope.parquet,46650,25
C03,trial_a88f4ef7a5,C03/trial_a88f4ef7a5/reference_normalised_envelope.parquet,18610,25
C03,trial_78cba2c582,C03/trial_78cba2c582/reference_normalised_envelope.parquet,9290,25
C03,trial_13bd18cdf3,C03/trial_13bd18cdf3/reference_normalised_envelope.parquet,14610,25
C04,trial_ffc10db23f,C04/trial_ffc10db23f/reference_normalised_envelope.parquet,77540,25
C04,trial_f1bf10eeea,C04/trial_f1bf10eeea/reference_normalised_envelope.parquet,99930,25
C04,trial_87e976b769,C04/trial_87e976b769/reference_normalised_envelope.parquet,119000,25
C04,trial_b4af0473c9,C04/trial_b4af0473c9/reference_normalised_envelope.parquet,104730,25
C04,trial_5946ca5426,C04/trial_5946ca5426/reference_normalised_envelope.parquet,111600,25
C04,trial_49b3331954,C04/trial_49b3331954/reference_normalised_envelope.parquet,108750,25
C04,trial_1adae32589,C04/trial_1adae32589/reference_normalised_envelope.parquet,81610,25
C04,trial_e8cee506fd,C04/trial_e8cee506fd/reference_normalised_envelope.parquet,63690,25
C04,trial_8cb2e8b62d,C04/trial_8cb2e8b62d/reference_normalised_envelope.parquet,51060,25
C04,trial_9f813fbdc4,C04/trial_9f813fbdc4/reference_normalised_envelope.parquet,71410,25
C04,trial_08e1325ec2,C04/trial_08e1325ec2/reference_normalised_envelope.parquet,68990,25
C04,trial_9da6560057,C04/trial_9da6560057/reference_normalised_envelope.parquet,71190,25
C04,trial_ed081649a1,C04/trial_ed081649a1/reference_normalised_envelope.parquet,64980,25
C04,trial_a11b0b087c,C04/trial_a11b0b087c/reference_normalised_envelope.parquet,62470,25
C04,trial_2723563132,C04/trial_2723563132/reference_normalised_envelope.parquet,52130,25
C04,trial_a76018c70a,C04/trial_a76018c70a/reference_normalised_envelope.parquet,58830,25
C04,trial_29d57eee5a,C04/trial_29d57eee5a/reference_normalised_envelope.parquet,56430,25
C04,trial_a88f4ef7a5,C04/trial_a88f4ef7a5/reference_normalised_envelope.parquet,19740,25
C04,trial_78cba2c582,C04/trial_78cba2c582/reference_normalised_envelope.parquet,7710,25
C04,trial_13bd18cdf3,C04/trial_13bd18cdf3/reference_normalised_envelope.parquet,10270,25
C05,trial_ffc10db23f,C05/trial_ffc10db23f/reference_normalised_envelope.parquet,68110,25
C05,trial_f1bf10eeea,C05/trial_f1bf10eeea/reference_normalised_envelope.parquet,65940,25
C05,trial_87e976b769,C05/trial_87e976b769/reference_normalised_envelope.parquet,65200,25
C05,trial_b4af0473c9,C05/trial_b4af0473c9/reference_normalised_envelope.parquet,76030,25
C05,trial_5946ca5426,C05/trial_5946ca5426/reference_normalised_envelope.parquet,99650,25
C05,trial_49b3331954,C05/trial_49b3331954/reference_normalised_envelope.parquet,96550,25
C05,trial_1adae32589,C05/trial_1adae32589/reference_normalised_envelope.parquet,73610,25
C05,trial_e8cee506fd,C05/trial_e8cee506fd/reference_normalised_envelope.parquet,73520,25
C05,trial_8cb2e8b62d,C05/trial_8cb2e8b62d/reference_normalised_envelope.parquet,62700,25
C05,trial_9f813fbdc4,C05/trial_9f813fbdc4/reference_normalised_envelope.parquet,62930,25
C05,trial_08e1325ec2,C05/trial_08e1325ec2/reference_normalised_envelope.parquet,70600,25
C05,trial_9da6560057,C05/trial_9da6560057/reference_normalised_envelope.parquet,64480,25
C05,trial_6e22cfc8f7,C05/trial_6e22cfc8f7/reference_normalised_envelope.parquet,67120,25
C05,trial_a11b0b087c,C05/trial_a11b0b087c/reference_normalised_envelope.parquet,50590,25
C05,trial_2723563132,C05/trial_2723563132/reference_normalised_envelope.parquet,70380,25
C05,trial_a76018c70a,C05/trial_a76018c70a/reference_normalised_envelope.parquet,55560,25
C05,trial_29d57eee5a,C05/trial_29d57eee5a/reference_normalised_envelope.parquet,48050,25
C05,trial_a88f4ef7a5,C05/trial_a88f4ef7a5/reference_normalised_envelope.parquet,9330,25
C05,trial_78cba2c582,C05/trial_78cba2c582/reference_normalised_envelope.parquet,9400,25
C05,trial_13bd18cdf3,C05/trial_13bd18cdf3/reference_normalised_envelope.parquet,10930,25
C06,trial_ffc10db23f,C06/trial_ffc10db23f/reference_normalised_envelope.parquet,48400,26
C06,trial_f1bf10eeea,C06/trial_f1bf10eeea/reference_normalised_envelope.parquet,49350,26
C06,trial_87e976b769,C06/trial_87e976b769/reference_normalised_envelope.parquet,48960,26
C06,trial_b4af0473c9,C06/trial_b4af0473c9/reference_normalised_envelope.parquet,60290,26
C06,trial_5946ca5426,C06/trial_5946ca5426/reference_normalised_envelope.parquet,63390,26
C06,trial_49b3331954,C06/trial_49b3331954/reference_normalised_envelope.parquet,69960,26
C06,trial_1adae32589,C06/trial_1adae32589/reference_normalised_envelope.parquet,75440,26
C06,trial_e8cee506fd,C06/trial_e8cee506fd/reference_normalised_envelope.parquet,62280,26
C06,trial_8cb2e8b62d,C06/trial_8cb2e8b62d/reference_normalised_envelope.parquet,62390,26
C06,trial_9f813fbdc4,C06/trial_9f813fbdc4/reference_normalised_envelope.parquet,64730,26
C06,trial_08e1325ec2,C06/trial_08e1325ec2/reference_normalised_envelope.parquet,74530,26
C06,trial_9da6560057,C06/trial_9da6560057/reference_normalised_envelope.parquet,69860,26
C06,trial_6e22cfc8f7,C06/trial_6e22cfc8f7/reference_normalised_envelope.parquet,64970,26
C06,trial_a11b0b087c,C06/trial_a11b0b087c/reference_normalised_envelope.parquet,61630,26
C06,trial_2723563132,C06/trial_2723563132/reference_normalised_envelope.parquet,62750,26
C06,trial_383f3f50f6,C06/trial_383f3f50f6/reference_normalised_envelope.parquet,61050,26
C06,trial_cc14520c6b,C06/trial_cc14520c6b/reference_normalised_envelope.parquet,62150,26
C06,trial_eef4aab155,C06/trial_eef4aab155/reference_normalised_envelope.parquet,9520,26
C06,trial_56af8361a5,C06/trial_56af8361a5/reference_normalised_envelope.parquet,6850,26
C06,trial_9316b4a838,C06/trial_9316b4a838/reference_normalised_envelope.parquet,6120,26
C07,trial_2d8fda059c,C07/trial_2d8fda059c/reference_normalised_envelope.parquet,59980,25
C07,trial_91cbbc0bef,C07/trial_91cbbc0bef/reference_normalised_envelope.parquet,74750,25
C07,trial_236590d739,C07/trial_236590d739/reference_normalised_envelope.parquet,59910,25
C07,trial_b4af0473c9,C07/trial_b4af0473c9/reference_normalised_envelope.parquet,79550,25
C07,trial_5946ca5426,C07/trial_5946ca5426/reference_normalised_envelope.parquet,83740,25
C07,trial_49b3331954,C07/trial_49b3331954/reference_normalised_envelope.parquet,79910,25
C07,trial_1adae32589,C07/trial_1adae32589/reference_normalised_envelope.parquet,63630,25
C07,trial_e8cee506fd,C07/trial_e8cee506fd/reference_normalised_envelope.parquet,80460,25
C07,trial_8cb2e8b62d,C07/trial_8cb2e8b62d/reference_normalised_envelope.parquet,58560,25
C07,trial_9f813fbdc4,C07/trial_9f813fbdc4/reference_normalised_envelope.parquet,81240,25
C07,trial_08e1325ec2,C07/trial_08e1325ec2/reference_normalised_envelope.parquet,62600,25
C07,trial_9da6560057,C07/trial_9da6560057/reference_normalised_envelope.parquet,61610,25
C07,trial_6e22cfc8f7,C07/trial_6e22cfc8f7/reference_normalised_envelope.parquet,63580,25
C07,trial_a11b0b087c,C07/trial_a11b0b087c/reference_normalised_envelope.parquet,50520,25
C07,trial_2723563132,C07/trial_2723563132/reference_normalised_envelope.parquet,65970,25
C07,trial_a76018c70a,C07/trial_a76018c70a/reference_normalised_envelope.parquet,50340,25
C07,trial_29d57eee5a,C07/trial_29d57eee5a/reference_normalised_envelope.parquet,48840,25
C07,trial_eef4aab155,C07/trial_eef4aab155/reference_normalised_envelope.parquet,19060,25
C07,trial_56af8361a5,C07/trial_56af8361a5/reference_normalised_envelope.parquet,14070,25
C07,trial_9316b4a838,C07/trial_9316b4a838/reference_normalised_envelope.parquet,13700,25
