participant,channel,reference_trial,maximum_mV,reference_selection
C01,l_add,trial_b4af0473c9,0.2198421007901332,participant_dynamic_maximum
C01,l_bflh,trial_49b3331954,0.321785339770008,participant_dynamic_maximum
C01,l_glmax,trial_49b3331954,0.1396808531817816,participant_dynamic_maximum
C01,l_glmed,trial_5946ca5426,0.2007234970663491,participant_dynamic_maximum
C01,l_latgas,trial_87e976b769,0.482079886519095,participant_dynamic_maximum
C01,l_medgas,trial_5946ca5426,0.4757402037904538,participant_dynamic_maximum
C01,l_recfem,trial_5946ca5426,0.7469738176113945,participant_dynamic_maximum
C01,l_semiten,trial_87e976b769,0.2974480739032472,participant_dynamic_maximum
C01,l_soleus,trial_a88f4ef7a5,1.064071553101417,participant_dynamic_maximum
C01,l_tfl,trial_b4af0473c9,0.746490906433654,participant_dynamic_maximum
C01,l_tibant,trial_78cba2c582,0.490178400676824,participant_dynamic_maximum
C01,l_vaslat,trial_5946ca5426,1.3737999822568132,participant_dynamic_maximum
C01,l_vasmed,trial_b4af0473c9,0.540684315130795,participant_dynamic_maximum
C01,r_bflh,trial_87e976b769,0.2470630225968969,participant_dynamic_maximum
C01,r_glmax,trial_78cba2c582,0.1753326881957948,participant_dynamic_maximum
C01,r_glmed,trial_5946ca5426,0.1737119028854317,participant_dynamic_maximum
C01,r_latgas,trial_ffc10db23f,0.3698678581084602,participant_dynamic_maximum
C01,r_medgas,trial_87e976b769,0.3264904894296229,participant_dynamic_maximum
C01,r_recfem,trial_49b3331954,0.4813195103686756,participant_dynamic_maximum
C01,r_semiten,trial_5946ca5426,0.3121138094107538,participant_dynamic_maximum
C01,r_soleus,trial_87e976b769,1.0625166128860273,participant_dynamic_maximum
C01,r_tfl,trial_5946ca5426,1.2140013322429952,participant_dynamic_maximum
C01,r_tibant,trial_78cba2c582,0.36764227772793,participant_dynamic_maximum
C01,r_vaslat,trial_5946ca5426,0.926590311520752,participant_dynamic_maximum
C01,r_vasmed,trial_5946ca5426,1.035359654455202,participant_dynamic_maximum
C02,l_add,trial_87e976b769,0.2683669012729359,participant_dynamic_maximum
C02,l_bflh,trial_10e1b3b7fd,0.2305488291819832,participant_dynamic_maximum
C02,l_glmax,trial_87e976b769,0.3160970367844662,participant_dynamic_maximum
C02,l_glmed,trial_10e1b3b7fd,0.6865428764757668,participant_dynamic_maximum
C02,l_latgas,trial_10e1b3b7fd,0.5321057355784788,participant_dynamic_maximum
C02,l_medgas,trial_f1bf10eeea,0.447351272783297,participant_dynamic_maximum
C02,l_recfem,trial_87e976b769,0.8990625580433376,participant_dynamic_maximum
C02,l_semiten,trial_87e976b769,0.3301824863043479,participant_dynamic_maximum
C02,l_soleus,trial_56af8361a5,0.4359372146579182,participant_dynamic_maximum
C02,l_tfl,trial_10e1b3b7fd,0.3761600018350937,participant_dynamic_maximum
C02,l_tibant,trial_b4af0473c9,0.4736693666092996,participant_dynamic_maximum
C02,l_vaslat,trial_b4af0473c9,0.8463396349744413,participant_dynamic_maximum
C02,l_vasmed,trial_49b3331954,0.9371759692348556,participant_dynamic_maximum
C02,r_add,trial_b4af0473c9,0.4629406042497392,participant_dynamic_maximum
C02,r_bflh,trial_87e976b769,0.3018915250646163,participant_dynamic_maximum
C02,r_glmax,trial_ffc10db23f,0.217962537073625,participant_dynamic_maximum
C02,r_glmed,trial_b4af0473c9,0.2686548675477996,participant_dynamic_maximum
C02,r_latgas,trial_b4af0473c9,0.2756056927608339,participant_dynamic_maximum
C02,r_medgas,trial_9316b4a838,0.3515213031203711,participant_dynamic_maximum
C02,r_recfem,trial_9316b4a838,0.5386703848706241,participant_dynamic_maximum
C02,r_semiten,trial_87e976b769,0.4197443461791708,participant_dynamic_maximum
C02,r_soleus,trial_87e976b769,0.6294414336496682,participant_dynamic_maximum
C02,r_tfl,trial_49b3331954,0.7455463758781579,participant_dynamic_maximum
C02,r_tibant,trial_87e976b769,0.4887716580093464,participant_dynamic_maximum
C02,r_vaslat,trial_b4af0473c9,0.8678874724412587,participant_dynamic_maximum
C02,r_vasmed,trial_87e976b769,1.01066706022053,participant_dynamic_maximum
C03,l_add,trial_b4af0473c9,0.0999529823059631,participant_dynamic_maximum
C03,l_bflh,trial_5946ca5426,0.2398760224943973,participant_dynamic_maximum
C03,l_glmax,trial_b4af0473c9,0.0998480136949012,participant_dynamic_maximum
C03,l_glmed,trial_5946ca5426,0.7360621478994068,participant_dynamic_maximum
C03,l_latgas,trial_b4af0473c9,0.2937694938154301,participant_dynamic_maximum
C03,l_medgas,trial_49b3331954,0.3814368702903248,participant_dynamic_maximum
C03,l_recfem,trial_b4af0473c9,0.4373934631328174,participant_dynamic_maximum
C03,l_semiten,trial_5946ca5426,0.2506076044138563,participant_dynamic_maximum
C03,l_soleus,trial_49b3331954,0.8314346591065707,participant_dynamic_maximum
C03,l_tfl,trial_49b3331954,0.407856990660747,participant_dynamic_maximum
C03,l_tibant,trial_f1bf10eeea,0.3067299384605094,participant_dynamic_maximum
C03,l_vaslat,trial_a88f4ef7a5,0.7769873446117894,participant_dynamic_maximum
C03,l_vasmed,trial_13bd18cdf3,1.0034227621178975,participant_dynamic_maximum
C03,r_bflh,trial_5946ca5426,0.2548748382148313,participant_dynamic_maximum
C03,r_glmax,trial_f1bf10eeea,0.0778177501346644,participant_dynamic_maximum
C03,r_glmed,trial_ffc10db23f,0.2257542492478723,participant_dynamic_maximum
C03,r_latgas,trial_49b3331954,0.6865139038603997,participant_dynamic_maximum
C03,r_medgas,trial_49b3331954,0.3691375575756912,participant_dynamic_maximum
C03,r_recfem,trial_49b3331954,0.6695219547661792,participant_dynamic_maximum
C03,r_semiten,trial_5946ca5426,0.2676510339371256,participant_dynamic_maximum
C03,r_soleus,trial_49b3331954,0.5795764762549035,participant_dynamic_maximum
C03,r_tfl,trial_5946ca5426,0.3673954477890463,participant_dynamic_maximum
C03,r_tibant,trial_5946ca5426,0.2817313814221148,participant_dynamic_maximum
C03,r_vaslat,trial_49b3331954,0.7037437936147553,participant_dynamic_maximum
C03,r_vasmed,trial_49b3331954,0.8092326783417291,participant_dynamic_maximum
C04,l_add,trial_f1bf10eeea,0.1500311062562266,participant_dynamic_maximum
C04,l_bflh,trial_b4af0473c9,0.2056755269405825,participant_dynamic_maximum
C04,l_glmax,trial_f1bf10eeea,0.1319958908605826,participant_dynamic_maximum
C04,l_glmed,trial_49b3331954,0.2214009488128743,participant_dynamic_maximum
C04,l_latgas,trial_f1bf10eeea,0.3266352375867074,participant_dynamic_maximum
C04,l_medgas,trial_f1bf10eeea,0.3321982846869523,participant_dynamic_maximum
C04,l_recfem,trial_b4af0473c9,0.3369147790681427,participant_dynamic_maximum
C04,l_semiten,trial_f1bf10eeea,0.2442679694967388,participant_dynamic_maximum
C04,l_soleus,trial_b4af0473c9,0.3313740300499337,participant_dynamic_maximum
C04,l_tfl,trial_5946ca5426,0.1320902012309465,participant_dynamic_maximum
C04,l_tibant,trial_f1bf10eeea,0.3462194456522273,participant_dynamic_maximum
C04,l_vaslat,trial_ffc10db23f,0.4604680745205022,participant_dynamic_maximum
C04,l_vasmed,trial_b4af0473c9,0.6605377693692429,participant_dynamic_maximum
C04,r_bflh,trial_f1bf10eeea,0.1600114792294977,participant_dynamic_maximum
C04,r_glmax,trial_49b3331954,0.1078561103477776,participant_dynamic_maximum
C04,r_glmed,trial_b4af0473c9,0.0757642290248689,participant_dynamic_maximum
C04,r_latgas,trial_49b3331954,0.3057044568316441,participant_dynamic_maximum
C04,r_medgas,trial_f1bf10eeea,0.3231161416981228,participant_dynamic_maximum
C04,r_recfem,trial_78cba2c582,0.3719021580693155,participant_dynamic_maximum
C04,r_semiten,trial_b4af0473c9,0.4826923801774606,participant_dynamic_maximum
C04,r_soleus,trial_b4af0473c9,0.3307250499879653,participant_dynamic_maximum
C04,r_tfl,trial_f1bf10eeea,0.5242225194539695,participant_dynamic_maximum
C04,r_tibant,trial_ffc10db23f,0.4993126522431317,participant_dynamic_maximum
C04,r_vaslat,trial_b4af0473c9,0.4351908790425625,participant_dynamic_maximum
C04,r_vasmed,trial_f1bf10eeea,0.3246414324033067,participant_dynamic_maximum
C05,l_add,trial_f1bf10eeea,0.1690561184433152,participant_dynamic_maximum
C05,l_bflh,trial_ffc10db23f,0.2771737622937565,participant_dynamic_maximum
C05,l_glmax,trial_f1bf10eeea,0.2832882341690128,participant_dynamic_maximum
C05,l_glmed,trial_ffc10db23f,0.2506402275100173,participant_dynamic_maximum
C05,l_latgas,trial_ffc10db23f,0.3671107722677801,participant_dynamic_maximum
C05,l_medgas,trial_f1bf10eeea,0.4279860777299039,participant_dynamic_maximum
C05,l_recfem,trial_f1bf10eeea,0.3216392410993128,participant_dynamic_maximum
C05,l_semiten,trial_f1bf10eeea,0.2798806866988934,participant_dynamic_maximum
C05,l_soleus,trial_78cba2c582,0.5909713611722704,participant_dynamic_maximum
C05,l_tfl,trial_49b3331954,0.1662186925803277,participant_dynamic_maximum
C05,l_tibant,trial_f1bf10eeea,0.3909007587234238,participant_dynamic_maximum
C05,l_vaslat,trial_49b3331954,1.1072983800523917,participant_dynamic_maximum
C05,l_vasmed,trial_ffc10db23f,0.4192592840749273,participant_dynamic_maximum
C05,r_bflh,trial_87e976b769,0.2053768293566502,participant_dynamic_maximum
C05,r_glmax,trial_b4af0473c9,0.1544968912155944,protocol_or_qc_override
C05,r_glmed,trial_ffc10db23f,0.1312352500876997,participant_dynamic_maximum
C05,r_latgas,trial_a88f4ef7a5,0.307807620979122,participant_dynamic_maximum
C05,r_medgas,trial_b4af0473c9,0.1590375388873385,participant_dynamic_maximum
C05,r_recfem,trial_a88f4ef7a5,0.4192323921674407,participant_dynamic_maximum
C05,r_semiten,trial_f1bf10eeea,0.5414158571695499,participant_dynamic_maximum
C05,r_soleus,trial_78cba2c582,0.444917037008294,participant_dynamic_maximum
C05,r_tfl,trial_5946ca5426,0.2055332621995291,participant_dynamic_maximum
C05,r_tibant,trial_ffc10db23f,0.3210327792269537,participant_dynamic_maximum
C05,r_vaslat,trial_87e976b769,0.4185675778252004,participant_dynamic_maximum
C05,r_vasmed,trial_87e976b769,0.6815855951803093,participant_dynamic_maximum
C06,l_add,trial_56af8361a5,0.2223767955434085,participant_dynamic_maximum
C06,l_bflh,trial_f1bf10eeea,0.2758393896836495,participant_dynamic_maximum
C06,l_glmax,trial_b4af0473c9,0.1117768476218358,participant_dynamic_maximum
C06,l_glmed,trial_b4af0473c9,0.1423559505859696,participant_dynamic_maximum
C06,l_latgas,trial_49b3331954,0.2780746023704419,participant_dynamic_maximum
C06,l_medgas,trial_56af8361a5,0.3525018430681454,participant_dynamic_maximum
C06,l_recfem,trial_49b3331954,0.3882437695534502,participant_dynamic_maximum
C06,l_semiten,trial_f1bf10eeea,0.4728731769905522,participant_dynamic_maximum
C06,l_soleus,trial_87e976b769,0.3549894203626072,participant_dynamic_maximum
C06,l_tfl,trial_5946ca5426,0.2528947372275529,participant_dynamic_maximum
C06,l_tibant,trial_9316b4a838,0.311041757749862,participant_dynamic_maximum
C06,l_vaslat,trial_49b3331954,0.57463615622119,participant_dynamic_maximum
C06,l_vasmed,trial_49b3331954,0.7567915498196814,participant_dynamic_maximum
C06,r_add,trial_49b3331954,0.1649601949743381,protocol_or_qc_override
C06,r_bflh,trial_f1bf10eeea,0.377697648172303,participant_dynamic_maximum
C06,r_glmax,trial_5946ca5426,0.0864395878583078,participant_dynamic_maximum
C06,r_glmed,trial_87e976b769,0.1354289824661907,participant_dynamic_maximum
C06,r_latgas,trial_56af8361a5,0.3008447730036017,participant_dynamic_maximum
C06,r_medgas,trial_f1bf10eeea,0.4030926515673318,participant_dynamic_maximum
C06,r_recfem,trial_9316b4a838,0.4238883432390683,participant_dynamic_maximum
C06,r_semiten,trial_f1bf10eeea,0.3191841879911549,participant_dynamic_maximum
C06,r_soleus,trial_b4af0473c9,0.3635749521677128,participant_dynamic_maximum
C06,r_tfl,trial_ffc10db23f,0.1465461120406711,participant_dynamic_maximum
C06,r_tibant,trial_9316b4a838,0.2448277097801835,participant_dynamic_maximum
C06,r_vaslat,trial_49b3331954,0.7270871667515861,participant_dynamic_maximum
C06,r_vasmed,trial_49b3331954,0.7894183846191016,participant_dynamic_maximum
C07,l_bflh,trial_b4af0473c9,0.586271294127718,participant_dynamic_maximum
C07,l_glmax,trial_236590d739,0.1750736637257079,participant_dynamic_maximum
C07,l_glmed,trial_b4af0473c9,0.0940174711393411,participant_dynamic_maximum
C07,l_latgas,trial_91cbbc0bef,0.3808751498438927,participant_dynamic_maximum
C07,l_medgas,trial_9316b4a838,0.391902041603286,participant_dynamic_maximum
C07,l_recfem,trial_9316b4a838,0.6718845669571065,participant_dynamic_maximum
C07,l_semiten,trial_5946ca5426,0.7808863976313285,participant_dynamic_maximum
C07,l_soleus,trial_9316b4a838,0.8963815195759054,participant_dynamic_maximum
C07,l_tfl,trial_b4af0473c9,0.3890256708353523,participant_dynamic_maximum
C07,l_tibant,trial_5946ca5426,0.4337885911956282,participant_dynamic_maximum
C07,l_vaslat,trial_49b3331954,0.6641497281242069,participant_dynamic_maximum
C07,l_vasmed,trial_56af8361a5,1.1838397307174715,participant_dynamic_maximum
C07,r_add,trial_91cbbc0bef,0.1956749147521269,participant_dynamic_maximum
C07,r_bflh,trial_91cbbc0bef,0.4993731422743459,participant_dynamic_maximum
C07,r_glmax,trial_b4af0473c9,0.1702358184276805,participant_dynamic_maximum
C07,r_glmed,trial_49b3331954,0.1252455438951787,participant_dynamic_maximum
C07,r_latgas,trial_9316b4a838,0.5665627356062576,participant_dynamic_maximum
C07,r_medgas,trial_2d8fda059c,0.429311781882655,participant_dynamic_maximum
C07,r_recfem,trial_56af8361a5,0.6768778996738961,participant_dynamic_maximum
C07,r_semiten,trial_236590d739,1.0784802350167153,participant_dynamic_maximum
C07,r_soleus,trial_91cbbc0bef,0.8331629681662669,participant_dynamic_maximum
C07,r_tfl,trial_236590d739,0.2180645246803782,participant_dynamic_maximum
C07,r_tibant,trial_56af8361a5,0.3430608324121978,participant_dynamic_maximum
C07,r_vaslat,trial_236590d739,0.5987613718633356,participant_dynamic_maximum
C07,r_vasmed,trial_236590d739,0.6491884084019479,participant_dynamic_maximum
